Time,index,reftemp,sensX-3,sensX-2,sensX-1,sensX0,sensX1,sensX2,sensX3
0,1,268,265,588,752,257,262,264,264
1,2,268,252,584,759,260,265,261,261
2,3,270,253,581,767,261,258,265,265
3,4,270,258,586,771,261,259,261,261
4,4,271,258,586,771,261,259,261,261
5,6,271,253,602,778,266,257,259,259
6,7,272,262,603,785,271,264,263,263
7,8,272,262,603,785,271,264,263,263
8,9,272,262,602,782,267,263,257,257
9,10,272,258,589,796,251,263,178,178
10,11,272,258,497,722,242,263,403,403
11,12,274,258,497,722,242,263,403,403
12,13,274,237,561,764,265,264,260,260
13,14,275,263,600,795,268,260,262,262
14,15,275,263,600,795,268,260,262,262
15,16,279,268,615,802,264,258,259,259
16,17,278,263,607,794,274,264,264,264
17,18,278,272,646,797,271,255,261,261
18,19,276,272,646,797,271,255,261,261
19,19,276,267,618,797,274,261,258,258
20,21,276,267,614,795,276,260,256,256
21,22,276,267,614,795,276,260,256,256
22,23,276,270,625,798,273,256,260,260
23,23,281,270,624,802,269,257,266,266
24,25,281,265,622,778,268,259,258,258
25,26,282,271,626,800,277,257,260,260
26,27,282,269,634,798,277,260,263,263
27,27,283,277,638,802,270,261,259,259
28,29,283,273,632,802,277,260,261,261
29,30,283,273,904,929,281,259,258,258
30,30,284,274,631,803,278,258,266,266
31,32,284,272,617,801,275,263,256,256
32,32,285,263,622,806,282,261,269,269
33,34,285,262,622,803,281,258,270,270
34,35,285,262,622,803,281,258,270,270
35,36,285,273,622,801,277,256,273,273
36,37,287,273,875,921,278,267,267,267
37,38,287,273,875,921,278,267,267,267
38,39,288,269,617,802,283,266,261,261
39,40,288,274,617,811,281,258,268,268
40,41,288,267,620,813,285,261,259,259
41,42,294,267,620,813,285,261,259,259
42,43,294,269,598,833,280,260,264,264
43,44,296,272,590,842,280,265,268,268
44,45,296,272,590,842,280,265,268,268
45,46,303,271,566,853,287,264,263,263
46,47,305,273,576,857,288,263,264,264
47,48,305,270,572,864,287,261,271,271
48,49,304,270,572,864,287,261,271,271
49,50,304,259,567,872,292,265,273,273
50,51,305,269,557,873,287,265,271,271
51,52,305,269,557,873,287,265,271,271
52,53,303,266,543,874,285,272,262,262
53,54,300,267,547,876,291,267,273,273
54,55,300,263,541,878,292,265,264,264
55,56,304,265,436,811,294,271,281,281
56,57,304,269,547,880,294,261,274,274
57,58,308,269,547,880,294,261,274,274
58,59,308,272,582,880,296,268,266,266
59,60,309,270,543,884,293,271,269,269
60,61,309,270,543,884,293,271,269,269
61,62,309,258,503,817,267,245,264,264
62,63,312,268,548,898,282,253,243,243
63,64,312,268,541,884,294,272,260,260
64,65,315,268,541,884,294,272,260,260
65,66,315,268,539,881,291,261,263,263
66,67,318,270,538,904,281,244,244,244
67,68,318,270,538,904,281,244,244,244
68,69,321,266,522,911,304,266,269,269
69,70,323,268,514,919,300,265,268,268
70,71,323,267,516,918,301,265,277,277
71,72,318,270,509,927,305,263,264,264
72,73,318,265,497,927,307,262,265,265
73,74,318,264,506,947,291,252,243,243
74,75,318,264,506,947,291,252,243,243
75,76,325,268,487,942,304,268,264,264
76,77,316,267,490,950,311,268,279,279
77,78,316,268,488,954,303,267,271,271
78,78,324,270,496,952,304,270,268,268
79,80,324,281,474,959,303,269,274,274
80,80,329,281,474,956,302,267,265,274
81,82,329,281,474,956,302,267,265,265
82,83,329,235,451,923,308,273,268,268
83,84,329,255,487,963,308,264,271,271
84,85,329,255,432,879,277,246,260,260
85,86,330,262,466,943,297,262,268,268
86,87,330,268,477,968,311,268,276,276
87,88,330,268,477,968,311,268,276,276
88,89,330,243,442,928,310,268,278,278
89,90,331,272,469,970,307,266,274,278
90,91,331,272,469,970,307,266,274,274
91,92,333,266,471,968,310,263,268,268
92,93,335,263,483,966,314,269,276,276
93,94,335,264,472,971,315,271,278,278
94,95,332,264,472,971,315,271,278,278
95,96,332,265,471,971,315,271,278,278
96,97,336,268,474,971,317,272,278,278
97,98,336,268,474,971,317,272,278,278
98,98,340,242,426,941,315,270,265,265
99,100,349,272,460,990,320,270,272,272
100,101,349,266,461,998,319,272,272,272
101,102,348,266,461,998,319,272,272,272
102,103,348,270,451,1011,316,271,281,281
103,104,347,266,442,1010,319,270,276,276
104,105,347,266,442,1010,319,270,276,276
105,105,350,267,437,1020,324,263,276,276
106,107,343,264,441,1023,324,267,275,275
107,107,343,240,356,922,287,252,264,275
108,109,353,257,401,932,286,249,262,262
109,110,353,266,436,1028,325,279,279,262
110,111,357,270,423,1029,325,277,274,274
111,112,357,270,423,1029,325,277,274,274
112,113,361,263,426,1031,327,271,283,283
113,114,361,280,442,1033,326,277,279,279
114,115,361,270,419,1037,336,273,287,287
115,116,358,269,419,1040,337,272,289,289
116,117,358,269,419,1040,337,272,289,289
117,118,358,268,421,1036,333,270,283,283
118,119,355,268,421,1036,333,270,283,283
119,120,355,268,410,1037,332,265,281,281
120,121,359,268,405,1036,339,270,276,276
121,122,359,268,405,1036,339,270,276,276
122,123,359,260,421,1033,335,273,282,282
123,124,361,268,409,1036,337,273,276,276
124,125,361,270,411,1037,339,277,281,281
125,126,362,270,411,1037,339,277,281,281
126,127,362,269,410,1039,335,272,277,277
127,128,360,263,408,1038,334,276,275,277
128,129,360,263,408,1038,334,276,275,275
129,130,371,269,407,1051,337,277,285,285
130,131,376,255,402,1053,339,276,271,271
131,132,376,254,371,958,302,253,264,264
132,133,374,253,358,961,304,256,264,264
133,134,374,253,588,1238,344,269,271,271
134,135,382,253,588,1238,344,269,271,271
135,136,382,260,393,1093,330,257,253,253
136,137,380,264,382,1073,342,277,278,278
137,138,381,261,380,1076,345,280,281,281
138,139,381,264,380,1074,352,272,272,272
139,140,383,262,378,1073,349,274,273,273
140,141,383,265,381,1074,345,275,272,273
141,142,385,265,381,1074,345,275,272,272
142,143,385,256,355,1077,351,266,279,279
143,144,387,251,348,978,315,257,272,272
144,145,387,251,348,978,315,257,272,272
145,146,382,263,366,1071,348,275,271,271
146,147,380,260,369,1074,353,277,280,280
147,148,380,257,364,1070,349,272,272,272
148,149,379,257,364,1070,349,272,272,272
149,150,379,276,384,1074,353,264,271,271
150,151,372,259,303,988,351,283,300,300
151,152,372,259,303,988,351,283,300,300
152,153,368,258,370,1078,351,275,275,275
153,154,368,258,370,1076,350,273,280,280
154,155,368,260,364,1074,350,267,276,280
155,156,377,259,362,1077,352,271,281,281
156,157,377,258,362,1070,350,273,274,274
157,158,383,258,362,1070,350,273,274,274
158,159,383,250,327,981,314,253,259,259
159,160,386,264,359,1088,351,269,269,259
160,161,386,264,359,1088,351,269,269,269
161,162,387,259,361,1097,354,269,277,269
162,163,375,262,355,1098,358,265,269,269
163,164,375,262,357,1102,357,264,277,277
164,165,385,262,357,1102,357,264,277,277
165,166,385,262,355,1129,345,252,239,239
166,167,392,258,354,1104,356,263,278,278
167,168,392,258,354,1104,356,263,278,278
168,169,390,261,351,1107,359,274,271,271
169,170,396,259,348,1109,355,267,273,273
170,171,396,261,350,1105,357,265,270,270
171,172,399,256,365,1026,370,281,291,291
172,173,399,261,339,1106,361,269,267,267
173,174,404,264,339,1110,362,268,272,272
174,175,406,264,336,1109,365,266,265,265
175,176,406,268,327,1113,364,265,276,265
176,177,404,240,312,1057,364,264,275,275
177,178,404,257,339,1108,356,267,267,267
178,179,399,263,342,1107,366,268,269,269
179,180,399,259,339,1127,363,264,264,264
180,181,401,259,339,1127,363,264,264,264
181,182,401,261,335,1107,368,272,270,270
182,183,403,260,334,1112,369,269,267,267
183,184,403,260,334,1112,369,269,267,267
184,185,408,257,339,1107,367,267,264,264
185,186,405,263,329,1108,370,257,273,273
186,187,405,264,327,1112,372,256,271,273
187,188,406,264,327,1112,372,256,271,271
188,189,406,260,329,1114,373,267,269,269
189,190,412,260,325,1112,370,266,260,260
190,191,412,260,325,1112,370,266,260,260
191,192,420,237,303,1063,373,263,264,264
192,193,420,262,330,1110,380,264,270,270
193,194,420,262,323,1113,379,268,268,268
194,195,414,238,299,1058,376,262,267,267
195,196,414,263,323,1112,376,263,270,270
196,197,418,263,323,1112,376,263,270,270
197,198,418,251,296,1013,341,248,261,270
198,199,422,259,322,1113,383,263,265,265
199,200,422,259,322,1113,383,263,265,265
200,201,436,248,157,1113,311,291,396,396
201,202,430,260,318,1110,391,275,264,264
202,203,430,264,315,1114,390,265,271,271
203,204,430,264,315,1114,390,265,271,271
204,205,430,263,314,1161,391,255,263,263
205,206,435,266,310,1163,387,253,264,264
206,207,435,266,310,1163,387,253,264,264
207,208,439,224,260,955,350,243,261,261
208,209,443,256,290,1011,354,247,264,264
209,210,443,262,306,1119,397,267,273,273
210,211,439,260,315,1147,388,247,250,250
211,212,439,242,291,1066,398,263,283,283
212,213,445,242,291,1066,398,263,283,283
213,214,445,252,307,1116,398,264,270,270
214,215,450,259,311,1115,402,271,272,272
215,216,457,261,312,1112,405,265,266,266
216,216,457,259,305,1112,409,271,259,259
217,218,463,267,306,1111,407,260,267,267
218,218,463,262,311,1109,407,267,281,281
219,220,474,262,311,1109,407,267,281,281
220,221,474,253,289,1002,364,254,266,266
221,222,475,236,285,1051,415,263,267,267
222,223,475,236,285,1051,415,263,267,267
223,224,473,265,302,1096,415,253,264,264
224,225,479,256,286,992,375,242,260,260
225,225,479,266,308,1095,416,268,274,274
226,227,484,266,308,1095,416,268,274,274
227,228,484,268,302,1097,423,265,281,281
228,229,479,255,293,990,384,266,259,259
229,230,479,255,293,990,384,266,259,259
230,231,478,271,304,1101,429,258,267,267
231,232,474,270,314,1094,419,263,265,265
232,233,474,242,283,1044,424,275,273,273
233,234,467,272,307,1091,430,264,266,266
234,235,467,274,336,1094,433,265,270,270
235,236,467,274,336,1094,433,265,270,270
236,237,464,274,336,1094,433,265,270,270
237,238,464,269,302,1092,432,263,266,266
238,238,463,266,307,1089,428,269,275,275
239,240,463,266,307,1089,428,269,275,275
240,240,471,266,305,1096,432,266,278,278
241,241,479,261,294,1088,428,274,266,266
242,243,479,267,305,1091,430,268,269,269
243,243,481,267,305,1091,430,268,269,269
244,245,481,271,305,1094,433,262,276,276
245,246,481,267,298,1090,430,269,262,262
246,247,481,267,298,1090,430,269,262,262
247,248,481,267,298,1090,430,269,262,262
248,249,516,272,302,1080,433,260,269,269
249,250,516,276,305,1079,437,266,279,279
250,251,523,272,300,1073,441,266,272,272
251,252,523,277,298,1067,440,269,269,269
252,253,517,269,295,1063,449,264,274,274
253,254,517,269,295,1063,449,264,274,274
254,255,516,275,296,1060,447,269,270,270
255,256,524,269,299,1056,442,273,266,266
256,257,524,270,290,1057,453,265,279,279
257,258,530,271,299,1051,456,265,262,262
258,259,530,275,292,1051,460,267,267,267
259,260,532,275,292,1051,460,267,267,267
260,261,532,272,290,1050,462,265,269,269
261,262,544,270,289,1051,461,265,280,280
262,263,544,270,289,1051,461,265,280,280
263,264,535,268,290,1043,468,273,262,262
264,265,538,267,298,1044,468,266,269,269
265,266,538,268,289,1044,463,261,272,272
266,267,533,268,289,1044,463,261,272,272
267,268,533,269,288,1046,474,263,266,266
268,268,536,269,291,1045,473,271,278,278
269,270,536,269,291,1045,473,271,278,278
270,271,543,267,286,1044,472,274,277,277
271,272,537,263,289,1041,476,266,267,267
272,273,537,265,291,1044,480,273,280,280
273,274,541,261,294,1045,476,267,274,274
274,275,541,244,269,1006,477,268,281,281
275,276,534,244,269,1006,477,268,281,281
276,277,534,268,291,1047,478,272,276,276
277,278,562,264,270,1082,476,266,228,228
278,278,562,264,270,1082,476,266,228,228
279,280,589,244,264,979,477,274,276,276
280,281,593,243,272,979,478,273,272,272
281,282,593,267,282,1013,488,275,280,280
282,283,603,267,282,1013,488,275,280,280
283,284,603,264,278,1017,482,255,246,246
284,285,599,270,279,995,500,268,281,281
285,286,599,270,279,995,500,268,281,281
286,287,594,251,260,898,453,249,265,265
287,288,602,260,275,1013,496,255,252,252
288,289,602,267,281,988,511,271,278,278
289,290,603,265,277,990,518,273,277,277
290,291,603,266,268,1012,504,255,251,251
291,292,609,266,268,1012,504,255,251,251
292,293,609,267,272,1006,499,255,251,251
293,294,610,266,271,987,516,279,280,280
294,295,610,266,271,987,516,279,280,280
295,296,613,266,282,989,524,275,280,280
296,297,615,268,289,985,520,276,281,281
297,298,615,254,263,896,467,254,279,279
298,299,607,254,263,896,467,254,279,279
299,300,607,261,272,994,515,252,255,255
300,301,615,268,273,975,523,265,277,277
301,302,615,268,273,975,523,265,277,277
302,303,614,263,274,994,526,254,253,253
303,304,604,263,276,969,533,278,271,271
304,305,604,264,275,972,531,274,276,276
305,306,633,265,283,972,528,274,270,270
306,307,633,260,278,977,535,271,281,281
307,308,681,269,273,971,534,272,272,272
308,309,681,269,367,1109,538,266,274,274
309,310,692,265,280,945,541,270,270,270
310,311,701,264,278,933,550,270,273,273
311,312,701,266,276,930,557,274,281,281
312,313,698,266,269,918,555,267,270,270
313,314,698,263,278,917,564,271,273,273
314,315,698,263,278,917,564,271,273,273
315,316,698,267,276,910,574,267,286,286
316,317,704,266,278,909,575,265,282,282
317,318,704,266,278,909,575,265,282,282
318,319,702,223,178,844,574,284,299,299
319,320,713,272,274,912,581,274,281,281
320,321,713,267,272,908,580,276,281,281
321,322,711,271,275,908,583,277,272,272
322,323,711,268,275,909,585,280,281,281
323,324,720,268,275,911,591,275,278,278
324,325,720,268,290,845,587,287,299,299
325,326,727,270,278,909,600,280,287,287
326,327,729,268,272,906,598,284,274,274
327,328,729,273,274,909,603,279,284,284
328,329,720,268,274,904,602,275,287,287
329,330,720,266,268,906,607,277,279,279
330,331,720,266,268,906,607,277,279,279
331,332,720,252,256,822,536,264,265,265
332,333,724,267,273,899,608,280,280,280
333,334,724,267,273,899,608,280,280,280
334,335,719,264,269,907,604,264,248,248
335,336,754,268,270,897,607,272,289,289
336,337,754,265,278,890,608,283,278,278
337,338,800,264,276,881,618,282,287,287
338,339,800,266,269,870,634,270,270,270
339,340,800,271,267,871,621,263,262,262
340,341,800,271,267,871,621,263,262,262
341,341,812,264,275,847,636,283,282,282
341,342,812,261,271,849,631,278,280,280
342,342,810,264,274,840,634,279,277,277
343,344,810,270,270,836,644,279,285,285
344,345,812,257,220,770,640,288,297,297
345,346,812,268,271,823,649,280,285,285
346,347,826,268,271,823,649,280,285,285
347,347,826,266,273,820,660,283,290,290
348,349,821,265,264,834,671,279,273,273
349,350,821,265,264,834,671,279,273,273
350,351,819,259,260,803,666,274,279,279
351,352,821,258,263,803,665,284,276,279
352,353,821,262,258,815,661,263,252,252
353,354,824,262,258,815,661,263,252,252
354,355,824,262,258,815,661,263,252,252
355,356,824,259,272,806,670,283,284,284
356,357,826,261,274,808,668,279,280,280
357,358,826,261,274,808,668,279,280,280
358,359,815,262,266,798,676,278,274,274
359,360,818,261,262,812,668,265,251,251
360,361,818,261,255,810,677,284,290,290
361,362,822,261,268,803,673,276,277,277
362,363,822,260,270,800,672,282,268,268
363,364,819,260,270,800,672,282,268,268
364,365,819,264,269,799,678,273,268,268
365,366,827,262,262,796,680,283,275,275
366,367,827,262,262,796,680,283,275,275
367,368,898,259,268,794,679,282,279,279
368,369,910,266,265,782,681,286,279,279
369,370,910,260,261,769,681,280,284,284
370,371,917,260,261,769,681,280,284,284
371,372,917,251,239,690,624,269,268,284
372,373,906,258,259,730,675,282,282,282
373,374,906,258,259,730,675,282,282,282
374,375,905,253,262,738,716,289,281,281
375,376,903,257,263,730,711,292,272,272
376,376,903,256,258,720,711,288,277,277
377,378,908,259,260,722,719,290,267,267
378,379,908,259,263,725,718,287,278,278
379,380,910,258,264,722,719,290,277,277
380,381,910,255,262,719,720,287,278,278
381,382,934,255,259,722,719,280,275,275
382,383,910,256,259,715,726,284,268,268
383,384,910,256,262,711,724,284,286,268
384,385,921,257,260,707,725,288,283,283
385,386,921,252,261,703,731,294,275,275
386,387,931,252,261,703,731,294,275,275
387,388,931,258,258,703,735,294,272,272
388,389,940,255,253,696,746,296,279,279
389,390,940,255,253,696,746,296,279,279
390,391,941,254,248,693,747,299,284,284
391,392,924,253,247,694,751,301,282,282
392,393,924,254,247,695,758,303,282,282
393,394,934,254,247,695,758,303,282,282
394,395,934,253,261,697,751,314,287,287
395,396,926,254,250,696,756,310,272,272
396,397,926,254,250,696,756,310,272,272
397,398,988,251,261,698,755,314,285,285
398,399,1010,248,260,693,759,313,288,285
399,400,1010,257,259,684,753,313,292,292
400,401,1021,254,265,673,756,322,289,289
401,402,1021,257,259,676,765,315,295,0
402,403,1033,257,259,676,765,315,295,295
403,404,1033,256,265,664,769,321,297,297
404,405,1030,255,262,662,772,322,288,288
405,406,1030,255,262,662,772,322,288,288
406,407,1028,260,259,651,778,324,293,293
407,408,1023,256,258,649,784,342,283,283
408,409,1023,255,261,650,789,335,293,293
409,410,1027,255,261,650,789,335,293,293
410,411,1027,259,263,647,792,341,302,302
411,412,1017,253,269,648,791,337,300,302
412,413,1017,253,269,648,791,337,300,300
413,414,1025,257,257,641,799,340,294,294
414,415,1029,257,246,639,798,347,300,300
415,416,1029,256,251,633,806,345,294,294
416,417,1025,258,257,638,802,345,300,300
417,418,1025,255,258,638,802,357,308,308
418,419,1015,255,258,638,802,357,308,308
419,419,1015,257,260,632,798,340,298,298
420,421,1027,257,256,633,806,350,306,306
421,422,1027,257,256,633,806,350,306,306
422,423,1029,261,256,636,803,342,295,295
423,424,1029,259,261,635,800,349,307,307
424,425,1029,256,254,628,800,361,293,293
425,426,1030,256,254,628,800,361,293,293
426,427,1030,260,256,634,806,342,297,297
427,428,1088,259,254,632,803,350,296,296
428,429,1088,259,254,632,803,350,296,296
429,430,1095,257,253,621,810,348,278,278
430,431,1092,261,261,613,822,349,295,295
431,432,1092,259,260,604,821,355,306,306
432,433,1102,258,262,597,830,365,286,286
433,434,1102,260,266,592,836,362,288,288
434,435,1102,261,263,596,832,366,310,310
435,436,1102,237,239,562,841,359,291,291
436,437,1098,259,268,584,847,378,297,297
437,438,1098,267,268,592,851,373,310,297
438,439,1098,269,265,584,858,370,299,299
439,439,1109,264,277,583,860,390,291,291
440,441,1109,263,274,583,858,394,291,0
441,442,1112,263,274,583,858,394,291,291
442,443,1112,266,267,569,859,398,298,298
443,444,1113,267,267,570,865,377,298,298
444,445,1113,267,267,570,865,377,298,298
445,445,1113,272,262,565,860,400,304,304
446,447,1118,272,258,564,870,390,302,302
447,448,1118,266,264,560,866,406,298,298
448,449,1107,237,240,532,876,393,306,306
449,450,1107,268,261,556,873,398,313,313
450,451,1107,267,270,554,885,398,316,316
451,452,1107,263,260,549,878,390,309,309
452,453,1104,266,263,543,875,407,292,292
453,454,1104,266,263,543,875,407,292,292
454,455,1104,235,244,519,882,397,303,303
455,456,1127,260,262,538,876,393,311,311
456,457,1127,261,263,540,881,394,316,316
457,457,1158,261,263,540,881,394,316,316
458,459,1158,253,262,526,885,406,318,318
459,460,1158,255,254,518,892,400,305,305
460,461,1158,255,254,518,892,400,305,305
461,462,1171,255,261,516,900,406,326,326
462,463,1166,254,254,506,900,422,301,301
463,464,1166,258,252,512,903,407,306,306
464,465,1171,258,252,512,903,407,306,306
465,466,1171,260,252,504,907,420,310,306
466,467,1168,260,258,506,910,416,313,313
467,468,1168,260,258,506,910,416,313,313
468,469,1170,260,256,501,919,414,310,310
469,470,1168,258,261,504,916,421,313,310
470,471,1168,261,260,505,922,415,313,313
471,472,1169,261,254,503,924,420,312,312
472,473,1169,261,254,503,924,420,312,312
473,474,1169,259,245,511,950,422,338,338
474,475,1156,259,245,511,950,422,338,338
475,476,1156,261,260,500,919,414,312,338
476,477,1161,262,250,504,924,411,313,313
477,478,1161,262,250,504,924,411,313,313
478,479,1159,261,264,496,916,410,319,319
479,480,1157,251,239,447,803,392,288,288
480,481,1157,258,263,491,918,411,297,297
481,482,1162,258,263,491,918,411,297,297
482,483,1162,262,260,499,920,414,290,290
483,484,1170,258,261,495,918,411,295,295
484,485,1170,258,261,495,918,411,295,295
485,486,1166,254,263,493,925,420,312,312
486,487,1189,255,264,490,924,420,309,309
487,488,1189,259,265,488,923,414,303,303
488,489,1191,256,258,484,927,413,312,312
489,490,1191,257,262,480,926,422,310,310
490,491,1191,253,258,477,922,417,308,308
491,492,1191,257,258,478,932,422,315,315
492,493,1196,256,258,474,931,425,314,314
493,494,1194,258,252,470,934,439,306,306
494,495,1194,261,257,478,935,429,314,314
495,496,1195,257,256,471,933,434,316,316
496,497,1195,257,253,472,936,433,308,308
497,498,1199,257,253,472,936,433,308,308
498,499,1199,257,257,463,937,443,319,319
499,500,1191,259,253,465,936,444,319,319
500,501,1191,259,253,465,936,444,319,319
501,502,1200,252,263,464,940,445,321,321
502,503,1198,260,260,456,937,452,318,318
503,504,1198,258,259,460,933,454,315,315
504,505,1202,258,259,460,933,454,315,315
505,506,1202,255,253,452,945,457,309,309
506,507,1203,254,260,454,944,454,316,316
507,508,1203,254,260,454,944,454,316,316
508,509,1204,257,254,451,949,467,319,319
509,510,1202,244,234,410,830,423,303,319
510,511,1202,258,256,447,948,470,323,323
511,512,1198,252,258,450,947,460,321,323
512,513,1198,254,252,446,945,455,316,316
513,514,1197,253,248,442,942,465,318,318
514,515,1197,248,253,444,946,462,319,319
515,516,1197,250,250,441,950,462,322,322
516,517,1195,250,251,445,940,450,317,317
517,518,1195,251,250,436,948,464,309,309
518,519,1192,252,252,440,947,468,325,325
519,520,1192,255,252,449,945,461,334,334
520,521,1190,255,252,449,945,461,334,334
521,522,1190,257,256,446,953,461,315,315
522,523,1194,256,266,448,955,467,322,322
523,524,1194,256,266,448,955,467,322,322
524,525,1191,256,258,448,965,477,321,321
525,526,1190,253,259,439,961,482,313,313
526,527,1190,259,254,441,963,474,310,310
527,528,1193,258,260,445,959,471,310,310
528,529,1193,261,258,448,956,467,316,316
529,530,1193,261,264,447,964,480,317,317
530,531,1193,250,271,441,963,483,321,321
531,532,1199,261,245,441,985,460,258,258
532,533,1201,260,256,439,961,479,323,323
533,534,1201,260,256,436,959,476,325,325
534,535,1200,262,256,426,968,489,319,319
535,536,1200,259,286,432,972,486,323,323
536,537,1198,259,286,432,972,486,323,323
537,538,1198,258,261,421,972,484,327,327
538,539,1193,231,241,404,969,482,329,329
539,540,1193,231,241,404,969,482,329,329
540,541,1198,255,260,418,972,482,342,342
541,542,1197,246,231,374,848,447,316,316
542,543,1197,249,260,409,967,484,323,323
543,544,1197,243,254,409,966,480,318,318
544,545,1197,252,251,418,975,479,318,318
545,546,1191,243,258,413,973,487,325,325
546,547,1176,247,247,394,932,473,306,306
547,548,1176,249,251,408,977,489,320,320
548,549,1181,246,252,404,981,503,316,316
549,550,1181,241,234,361,857,473,314,314
550,551,1184,248,248,407,989,504,336,336
551,552,1184,252,250,404,991,511,333,333
552,553,1189,252,250,404,991,511,333,333
553,554,1189,248,248,397,995,517,335,335
554,555,1180,264,263,393,993,516,325,325
555,556,1180,264,263,393,993,516,325,325
556,557,1185,254,252,400,1008,525,349,349
557,558,1186,249,256,395,1008,520,337,337
558,559,1186,227,228,376,1032,521,330,330
559,560,1189,253,255,376,1032,521,330,330
560,561,1189,253,251,393,1012,522,342,342
561,562,1187,254,250,395,1015,523,345,345
562,563,1187,254,250,395,1015,523,345,345
563,564,1190,226,232,377,1014,525,328,328
564,565,1193,224,233,377,1020,523,337,328
565,566,1193,247,248,390,1020,528,340,340
566,567,1190,251,249,394,1021,529,340,340
567,568,1190,248,252,391,1023,536,343,343
568,569,1194,248,252,391,1023,536,343,343
569,570,1194,248,255,389,1023,530,347,347
570,571,1185,251,256,388,1030,534,348,348
571,572,1185,251,256,388,1030,534,348,348
572,573,1184,250,254,391,1026,534,349,349
573,574,1187,248,251,387,1030,535,336,336
574,575,1187,249,252,389,1024,527,356,356
575,576,1176,249,252,389,1024,527,356,356
576,577,1176,248,250,391,1026,536,337,337
577,578,1175,247,248,384,1033,526,336,336
578,579,1175,247,248,384,1033,526,336,336
579,580,1179,255,258,393,1036,538,345,345
580,581,1183,253,251,393,1033,544,348,348
581,582,1183,257,261,393,1037,543,347,347
582,583,1180,254,264,388,1043,549,351,351
583,584,1180,244,239,350,896,512,329,329
584,585,1189,244,239,350,896,512,329,329
585,586,1189,248,260,391,1048,551,349,349
586,587,1189,256,259,396,1054,555,350,350
587,588,1188,257,261,391,1055,557,357,357
588,589,1188,252,259,386,1050,554,348,348
589,590,1183,252,265,389,1047,553,343,343
590,591,1183,257,262,391,1059,557,351,351
591,592,1183,257,262,391,1059,557,351,351
592,593,1183,257,262,391,1059,557,351,351
593,594,1183,248,233,340,904,512,294,294
594,595,1192,259,260,384,1058,566,361,361
595,596,1192,259,260,384,1058,566,361,361
596,597,1190,248,258,384,1061,575,357,357
597,598,1189,250,256,380,1059,573,357,357
598,599,1189,257,261,381,1061,572,363,363
599,600,1187,257,261,381,1061,572,363,363
600,601,1187,258,260,380,1056,581,361,361
601,602,1190,256,253,377,1071,570,364,0
602,603,1190,256,253,377,1071,570,364,364
603,604,1186,257,252,375,1064,582,354,364
604,605,1178,256,256,379,1069,575,364,364
605,606,1178,252,256,369,1065,577,361,361
606,607,1151,251,276,359,1025,591,370,370
607,608,1151,253,255,370,1063,581,354,354
608,609,1148,253,255,370,1063,581,354,354
609,610,1148,251,247,374,1062,585,356,356
610,611,1155,259,256,371,1061,597,357,357
611,612,1147,260,245,369,1093,580,353,353
612,613,1147,255,257,375,1066,600,363,363
613,614,1144,256,256,374,1063,601,359,359
614,615,1144,256,257,376,1063,607,363,363
615,616,1141,256,257,376,1063,607,363,363
616,617,1141,257,255,371,1066,616,359,359
617,618,1138,261,257,371,1061,605,362,362
618,619,1138,261,257,371,1061,605,362,362
619,620,1143,248,235,343,910,574,357,357
620,621,1146,254,250,364,1009,598,361,361
621,622,1146,257,254,373,1062,615,366,366
622,623,1144,257,254,373,1062,615,366,366
623,624,1144,254,255,373,1063,622,371,371
624,625,1144,254,255,373,1063,622,371,371
625,626,1144,254,255,373,1063,622,371,371
626,627,1141,246,249,364,1060,627,369,369
627,628,1149,251,258,360,1059,624,377,377
628,629,1149,250,250,358,1066,632,374,374
629,630,1140,252,250,362,1064,633,373,373
630,631,1140,253,255,366,1062,630,384,384
631,632,1141,225,234,345,1069,635,373,373
632,633,1141,243,245,371,1068,626,374,374
633,634,1143,252,256,367,1061,629,373,373
634,635,1143,252,256,367,1061,629,373,373
635,636,1146,254,254,364,1063,627,377,377
636,637,1121,253,257,362,1057,625,376,376
637,638,1121,242,229,324,913,584,357,357
638,639,1118,242,229,324,913,584,357,357
639,640,1118,254,255,360,1058,625,381,381
640,641,1120,225,234,334,1055,636,365,365
641,642,1120,225,234,334,1055,636,365,365
642,643,1115,258,273,353,1099,640,371,371
643,644,1120,243,229,323,904,597,364,364
644,645,1120,252,248,359,1054,645,376,376
645,646,1121,257,236,358,1048,656,380,380
646,647,1121,254,253,353,1044,655,377,377
647,648,1119,254,253,353,1044,655,377,377
648,649,1119,254,263,367,1053,660,383,383
649,650,1115,253,252,357,1049,644,347,347
650,651,1111,250,264,361,1049,668,379,379
651,652,1111,247,265,362,1040,662,377,377
652,653,1120,247,242,334,905,621,361,361
653,654,1120,254,260,369,1047,664,382,382
654,655,1126,254,260,369,1047,664,382,382
655,656,1126,253,266,377,1044,667,382,382
656,657,1123,253,257,368,1050,648,357,357
657,658,1123,253,257,368,1050,648,357,357
658,659,1117,253,261,377,1050,675,381,381
659,660,1118,255,264,366,1050,673,378,378
660,661,1118,263,286,376,1051,668,384,384
661,662,1118,263,286,376,1051,668,384,384
662,663,1118,258,270,375,1050,669,372,372
663,664,1124,257,268,371,1046,675,378,378
664,665,1124,257,268,371,1046,675,378,378
665,666,1121,256,266,377,1049,676,378,378
666,667,1105,259,267,367,1049,673,372,372
667,668,1105,265,259,371,1050,674,375,375
668,669,1096,260,274,372,1049,678,380,380
669,670,1096,261,267,379,1035,678,378,378
670,671,1091,261,267,379,1035,678,378,378
671,672,1091,262,265,371,1032,691,373,373
672,673,1090,260,263,375,1029,699,383,383
673,674,1090,260,263,375,1029,699,383,383
674,675,1080,259,260,375,1024,705,381,381
675,676,1084,261,271,374,1026,705,381,381
676,677,1084,262,262,383,1014,700,384,384
677,678,1085,262,262,383,1014,700,384,384
678,679,1085,257,265,380,1019,711,384,384
679,680,1096,260,266,376,1020,713,376,376
680,681,1096,260,266,376,1020,713,376,376
681,682,1099,260,267,382,1023,715,377,377
682,683,1101,259,273,384,1016,710,385,385
683,684,1101,257,267,384,1023,719,385,385
684,685,1087,255,268,378,1025,712,383,383
685,686,1087,261,265,376,1021,719,392,392
686,687,1086,261,265,376,1021,719,392,392
687,688,1086,256,251,368,1045,715,379,379
688,689,1098,256,251,369,1047,704,372,372
689,690,1087,253,268,374,1020,718,385,385
690,691,1087,255,267,379,1021,721,380,380
691,692,1090,229,240,359,1015,726,376,376
692,693,1090,245,248,345,878,677,371,371
693,694,1082,245,248,345,878,677,371,371
694,695,1082,255,266,387,1025,727,380,380
695,696,1082,255,266,387,1025,727,380,380
696,697,1082,255,266,387,1025,727,380,380
697,698,1047,248,259,379,1015,725,382,382
698,699,1018,252,274,373,1013,724,384,384
699,700,1018,215,230,316,874,687,374,374
700,701,1021,216,226,316,866,684,372,372
701,702,1021,250,263,361,994,742,382,382
702,703,1008,241,250,323,854,699,367,367
703,704,1008,251,266,364,987,744,392,392
704,705,1013,257,252,357,979,754,380,380
705,706,1010,254,262,364,977,757,384,384
706,707,1010,251,266,365,973,761,383,383
707,708,1012,254,263,364,971,759,383,383
708,709,1012,253,260,361,1011,769,383,383
709,710,1009,253,260,361,1011,769,383,383
710,711,1009,253,260,361,1011,769,383,383
711,712,1009,254,263,364,963,764,387,387
712,713,1013,254,261,361,964,766,380,380
713,714,1013,254,261,361,964,766,380,380
714,715,1009,251,266,363,960,766,383,383
715,716,1013,247,234,339,940,783,395,395
716,717,1013,252,264,367,963,768,386,386
717,718,1007,252,264,367,963,768,386,386
718,719,1007,253,262,362,968,772,387,387
719,720,1001,256,263,365,967,770,386,386
720,721,1001,256,263,365,967,770,386,386
721,722,1004,252,266,367,966,782,389,389
722,723,1010,258,268,373,968,781,386,386
723,724,1010,256,265,374,959,774,385,385
724,725,1017,219,234,321,842,723,374,374
725,726,1017,253,265,369,968,782,382,382
726,727,1014,253,265,369,968,782,382,382
727,728,1014,256,268,378,973,778,384,384
728,729,957,254,266,379,967,777,382,382
729,730,957,254,266,379,967,777,382,382
730,731,934,256,267,368,955,786,388,388
731,732,927,258,268,373,948,793,391,391
732,733,927,259,265,376,941,799,386,386
733,734,904,259,265,376,941,799,386,386
734,735,904,257,262,376,934,809,382,382
735,736,890,259,264,379,928,814,393,393
736,737,890,259,264,379,928,814,393,393
737,738,872,253,261,373,925,823,387,387
738,739,871,251,259,372,921,824,388,388
739,740,871,245,268,370,918,826,393,393
740,741,877,253,254,365,910,834,382,382
741,742,877,250,252,351,903,811,341,341
742,743,899,228,236,351,913,833,388,388
743,744,899,239,249,358,908,831,386,386
744,745,921,250,260,367,904,832,384,384
745,746,909,249,254,357,907,814,350,350
746,747,909,255,256,369,935,841,374,374
747,748,905,248,255,369,910,837,385,385
748,749,905,240,242,336,802,790,373,373
749,750,900,240,242,336,802,790,373,373
750,751,900,250,272,359,911,822,360,360
751,752,902,249,248,359,868,823,382,382
752,753,902,249,248,359,868,823,382,382
753,754,908,244,236,332,799,798,382,382
754,755,906,250,257,363,906,851,395,395
755,756,906,252,261,366,905,844,389,389
756,757,909,247,263,369,904,850,395,395
757,758,909,248,258,367,902,849,396,396
758,759,890,256,251,371,903,843,388,388
759,760,890,251,259,371,899,849,396,396
760,761,869,241,258,370,901,857,394,394
761,762,851,244,262,374,890,858,396,396
762,763,851,244,267,378,890,859,401,401
763,764,848,247,249,364,856,843,392,392
764,765,848,245,252,356,848,848,384,384
765,766,850,245,252,356,848,848,384,384
766,767,850,253,254,375,866,875,399,399
767,768,847,253,250,376,865,875,391,391
768,769,847,253,250,376,865,875,391,391
769,770,841,250,255,379,858,881,396,396
770,771,838,247,253,381,852,882,394,394
771,772,838,247,254,369,847,886,387,387
772,773,848,247,254,369,847,886,387,387
773,774,848,245,251,363,846,865,370,370
774,775,858,251,255,379,846,886,393,393
775,776,858,251,255,379,846,886,393,393
776,777,864,250,261,385,853,893,394,394
777,778,867,250,265,384,854,881,391,391
778,779,867,251,268,386,847,891,387,387
779,780,867,248,263,392,848,889,395,395
780,781,867,251,259,385,846,891,390,390
781,782,866,251,259,385,846,891,390,390
782,783,866,252,266,390,851,893,392,392
783,784,859,252,265,391,850,892,389,389
784,785,859,252,265,391,850,892,389,389
785,786,836,250,263,396,843,879,382,382
786,787,799,247,262,395,845,889,392,392
787,788,799,249,265,395,846,893,390,390
788,789,779,249,265,395,846,893,390,390
789,790,779,245,264,391,831,906,389,389
790,791,789,254,261,395,824,917,396,396
791,792,789,254,261,395,824,917,396,396
792,793,792,252,259,398,807,924,393,393
793,794,786,250,265,396,795,924,390,390
794,795,786,251,266,391,799,931,392,392
795,796,777,249,268,393,792,938,392,392
796,797,777,247,262,388,786,939,393,393
797,798,779,252,260,391,781,940,397,397
798,799,779,252,260,391,781,940,397,397
799,800,776,223,248,373,783,945,397,397
800,801,774,248,265,391,782,949,398,398
801,802,774,251,262,390,778,943,394,394
802,803,785,248,267,386,769,947,391,391
803,804,785,247,271,394,772,943,394,394
804,805,789,247,271,394,772,943,394,394
805,806,789,247,273,398,772,953,404,404
806,807,779,250,219,360,742,961,408,408
807,808,779,250,219,360,742,961,408,408
808,809,763,249,266,395,762,947,399,399
809,810,756,249,268,396,768,953,395,395
810,811,756,251,263,391,763,947,397,397
811,812,763,251,263,391,763,947,397,397
812,813,763,250,269,393,765,949,397,397
813,814,759,246,272,396,762,949,398,398
814,815,759,246,272,396,762,949,398,398
815,816,790,251,274,399,765,959,400,400
816,817,788,249,277,401,758,950,394,394
817,818,788,248,276,404,763,955,391,391
818,819,764,247,274,405,767,952,388,388
819,820,764,249,269,407,753,964,402,402
820,821,761,249,269,407,753,964,402,402
821,822,761,246,280,406,740,974,397,397
822,823,766,247,272,403,742,981,400,400
823,824,766,247,272,403,742,981,400,400
824,825,748,251,272,407,733,983,393,393
825,826,729,229,258,396,736,990,405,405
826,827,729,245,242,380,714,970,372,372
827,828,749,245,242,380,714,970,372,372
828,829,749,252,278,405,725,997,401,401
829,830,749,252,278,405,725,997,401,401
830,831,743,237,252,396,708,1011,419,419
831,832,743,237,252,396,708,1011,419,419
832,833,757,251,282,415,726,1004,402,402
833,834,742,249,287,422,729,1005,404,404
834,835,742,239,262,371,625,919,378,378
835,836,731,249,285,422,725,1004,402,402
836,837,731,250,286,417,722,1001,386,386
837,838,739,250,286,417,722,1001,386,386
838,839,739,248,288,414,716,1006,393,393
839,840,748,247,292,419,718,1011,394,394
840,841,748,247,292,419,718,1011,394,394
841,842,745,251,299,425,721,1011,404,404
842,843,720,255,294,426,717,1009,406,406
843,844,720,253,291,421,722,1009,394,394
844,845,720,253,291,421,722,1009,394,394
845,846,720,254,293,419,713,1006,401,401
846,847,732,253,294,417,713,1004,394,394
847,848,732,253,294,417,713,1004,394,394
848,849,722,258,294,420,713,1011,402,402
849,850,718,256,293,421,712,1012,405,405
850,851,718,253,290,425,723,1010,356,356
851,852,712,260,323,419,708,1012,397,397
852,853,712,254,300,421,700,1026,407,407
853,854,702,253,291,419,696,1028,405,405
854,855,702,255,292,416,691,1029,400,400
855,856,695,257,293,417,680,1039,406,406
856,857,699,252,297,410,678,1044,399,399
857,858,699,255,297,410,678,1039,400,400
858,859,699,257,296,410,670,1038,406,406
859,860,699,251,293,408,672,1041,408,408
860,861,695,251,293,408,672,1041,408,408
861,862,695,245,271,383,656,1060,419,419
862,863,701,261,287,401,661,1025,376,376
863,864,701,261,287,401,661,1025,376,376
864,865,701,261,287,401,661,1025,376,376
865,866,712,258,288,407,663,1050,413,413
866,867,712,251,294,409,659,1052,411,411
867,868,711,251,294,409,659,1052,411,411
868,869,711,251,288,399,637,1021,400,400
869,870,697,248,292,404,663,1052,403,403
870,871,697,248,292,404,663,1052,403,403
871,872,693,249,298,409,657,1053,413,413
872,873,695,253,294,409,650,1050,416,416
873,874,695,256,286,407,657,1046,402,402
874,875,685,254,285,405,656,1047,408,408
875,876,685,251,294,407,651,1046,416,416
876,877,674,251,294,407,651,1046,416,416
877,878,674,250,290,407,652,1054,419,419
878,879,659,248,285,398,647,1059,411,411
879,880,659,248,285,398,647,1059,411,411
880,881,654,252,289,391,637,1065,412,412
881,882,669,253,287,394,637,1074,413,413
882,883,669,252,297,398,634,1066,420,420
883,884,672,252,297,398,634,1066,420,420
884,885,672,257,293,388,635,1081,418,418
885,886,678,250,294,384,623,1067,418,418
886,887,678,250,294,384,623,1067,418,418
887,888,662,255,286,389,624,1079,423,423
888,889,662,256,288,386,620,1078,425,425
889,890,662,255,281,381,621,1080,420,420
890,891,661,252,279,380,618,1082,422,422
891,892,661,252,287,377,618,1084,423,423
892,893,653,248,272,369,607,1080,431,431
893,894,653,248,272,369,607,1080,431,431
894,895,656,250,275,371,607,1064,396,396
895,896,636,254,283,379,616,1083,423,423
896,897,636,248,264,377,614,1080,415,415
897,898,627,262,299,370,605,1079,421,421
898,899,627,259,303,372,605,1080,430,430
899,900,620,259,303,372,605,1080,430,430
900,901,620,252,272,364,574,1053,421,421
901,902,640,251,259,365,616,1079,419,419
902,903,640,251,259,365,616,1079,419,419
903,904,635,255,269,349,598,1062,390,390
904,905,639,252,269,364,602,1082,424,424
905,906,639,260,271,369,601,1089,427,427
906,907,627,260,271,369,601,1089,427,427
907,908,627,256,274,367,605,1086,425,425
908,909,619,254,271,357,609,1103,421,421
909,910,619,254,271,357,609,1103,421,421
910,911,620,246,273,348,572,1064,423,423
911,912,612,250,276,351,564,1064,431,431
912,913,612,252,275,360,590,1096,436,436
913,914,606,253,276,350,595,1103,436,436
914,915,606,255,268,353,578,1101,435,435
915,916,612,255,268,353,578,1101,435,435
916,917,612,253,273,345,573,1107,437,437
917,918,609,253,269,352,580,1110,441,441
918,919,609,253,269,352,580,1110,441,441
919,920,605,251,275,351,575,1115,441,441
920,921,606,246,268,346,572,1115,442,442
921,922,606,247,268,349,579,1125,444,444
922,923,596,247,268,349,579,1125,444,444
923,924,596,251,265,351,565,1109,446,446
924,925,588,225,253,331,566,1113,443,443
925,926,588,225,253,331,566,1113,443,443
926,927,586,249,254,331,536,1084,443,443
927,928,589,245,261,337,564,1111,443,443
928,929,589,250,262,337,565,1118,449,449
929,930,584,248,254,328,552,1099,416,416
930,931,584,247,265,338,554,1113,453,453
931,932,593,247,265,338,554,1113,453,453
932,933,593,252,261,335,553,1118,450,450
933,934,591,254,290,341,557,1125,445,445
934,935,596,243,254,306,498,1050,428,428
935,936,596,241,249,306,500,1046,435,435
936,937,586,192,206,247,428,956,418,418
937,938,586,251,267,335,551,1115,452,452
938,939,572,251,267,335,551,1115,452,452
939,940,572,249,268,329,532,1093,420,420
940,941,564,241,255,300,469,1023,438,438
941,942,564,241,255,300,469,1023,438,438
942,943,555,251,266,337,542,1127,463,463
943,944,548,252,263,330,538,1123,456,456
944,945,548,250,256,322,529,1111,471,471
945,946,543,250,256,322,529,1111,471,471
946,947,543,250,269,334,526,1133,467,467
947,948,543,248,262,323,523,1124,464,464
948,949,543,248,262,323,523,1124,464,464
949,950,543,248,262,323,523,1124,464,464
950,951,541,249,272,328,528,1125,469,469
951,952,539,240,276,332,528,1134,467,467
952,953,539,245,265,318,492,1089,462,462
953,954,540,247,269,330,524,1152,474,474
954,955,540,247,273,331,518,1131,476,476
955,956,535,247,273,331,518,1131,476,476
956,957,535,250,264,329,513,1133,479,479
957,958,524,248,268,324,513,1127,470,470
